iter	MultiClass
0	3.063353517
1	2.826294974
2	6.156505224
3	6.236159046
4	33.73050608
5	27.62052393
6	37.21355867
7	35.66481556
8	34.71150741
9	35.70337224
10	35.6376476
11	32.85095923
12	31.7767182
13	29.73731865
14	29.66930767
15	29.59756197
16	29.58754279
17	29.50815237
18	29.44671293
19	29.28158553
